{"initial_reset_timestamp": 1602175473.7711961, "timestamps": [1602175478.3381956], "episode_lengths": [1922], "episode_rewards": [16.0], "episode_types": ["t"]}